event,time,magnitude,e_magnitude,upperlimit,band,instrument,telescope,source
SN2017eaw,57879.531,21.5,,T,G,Astrometric,Gaia,Transient Name Server
SN2017eaw,57887.5922,12.227,0.029,F,U,UVOT,Swift,2014Ap&SS.354...89B
SN2017eaw,57887.5931,13.264,0.029,F,B,UVOT,Swift,2014Ap&SS.354...89B
SN2017eaw,57887.5979,13.112,0.033,F,V,UVOT,Swift,2014Ap&SS.354...89B
SN2017eaw,57887.6534,12.239,0.029,F,U,UVOT,Swift,2014Ap&SS.354...89B
SN2017eaw,57887.6544,13.305,0.029,F,B,UVOT,Swift,2014Ap&SS.354...89B
SN2017eaw,57887.9192,12.143,0.029,F,U,UVOT,Swift,2014Ap&SS.354...89B
SN2017eaw,57887.9198,12.184,0.029,F,U,UVOT,Swift,2014Ap&SS.354...89B
SN2017eaw,57887.9209,13.249,0.03,F,B,UVOT,Swift,2014Ap&SS.354...89B
SN2017eaw,57887.9216,13.249,0.029,F,B,UVOT,Swift,2014Ap&SS.354...89B
SN2017eaw,57887.9243,12.983,0.035,F,V,UVOT,Swift,2014Ap&SS.354...89B
SN2017eaw,57887.925,13.067,0.033,F,V,UVOT,Swift,2014Ap&SS.354...89B
SN2017eaw,57887.97,13.32,0.02,F,B,,T60,2018arXiv180100340T
SN2017eaw,57887.97,12.68,0.02,F,I,,T60,2018arXiv180100340T
SN2017eaw,57887.97,12.92,0.02,F,R,,T60,2018arXiv180100340T
SN2017eaw,57887.97,12.62,0.04,F,U,,T60,2018arXiv180100340T
SN2017eaw,57887.97,13.13,0.01,F,V,,T60,2018arXiv180100340T
SN2017eaw,57888.6596,12.165,0.029,F,U,UVOT,Swift,2014Ap&SS.354...89B
SN2017eaw,57888.6603,12.173,0.029,F,U,UVOT,Swift,2014Ap&SS.354...89B
SN2017eaw,57888.6613,13.228,0.03,F,B,UVOT,Swift,2014Ap&SS.354...89B
SN2017eaw,57888.662,13.196,0.03,F,B,UVOT,Swift,2014Ap&SS.354...89B
SN2017eaw,57888.6648,12.956,0.035,F,V,UVOT,Swift,2014Ap&SS.354...89B
SN2017eaw,57888.6655,12.951,0.032,F,V,UVOT,Swift,2014Ap&SS.354...89B
SN2017eaw,57888.7256,12.23,0.029,F,U,UVOT,Swift,2014Ap&SS.354...89B
SN2017eaw,57888.7263,12.202,0.029,F,U,UVOT,Swift,2014Ap&SS.354...89B
SN2017eaw,57888.7273,13.201,0.03,F,B,UVOT,Swift,2014Ap&SS.354...89B
SN2017eaw,57888.728,13.191,0.03,F,B,UVOT,Swift,2014Ap&SS.354...89B
SN2017eaw,57888.7308,12.985,0.036,F,V,UVOT,Swift,2014Ap&SS.354...89B
SN2017eaw,57888.7315,12.954,0.032,F,V,UVOT,Swift,2014Ap&SS.354...89B
SN2017eaw,57889.8508,12.2,0.029,F,U,UVOT,Swift,2014Ap&SS.354...89B
SN2017eaw,57889.8515,12.164,0.029,F,U,UVOT,Swift,2014Ap&SS.354...89B
SN2017eaw,57889.8525,13.143,0.03,F,B,UVOT,Swift,2014Ap&SS.354...89B
SN2017eaw,57889.8532,13.126,0.029,F,B,UVOT,Swift,2014Ap&SS.354...89B
SN2017eaw,57889.8559,12.918,0.035,F,V,UVOT,Swift,2014Ap&SS.354...89B
SN2017eaw,57889.8566,12.859,0.032,F,V,UVOT,Swift,2014Ap&SS.354...89B
SN2017eaw,57889.91,13.3,0.04,F,B,,P40,2018arXiv180100340T
SN2017eaw,57889.91,12.37,0.03,F,I,,P40,2018arXiv180100340T
SN2017eaw,57889.91,12.64,0.02,F,R,,P40,2018arXiv180100340T
SN2017eaw,57889.91,12.93,0.02,F,V,,P40,2018arXiv180100340T
SN2017eaw,57890.1125,12.202,0.029,F,U,UVOT,Swift,2014Ap&SS.354...89B
SN2017eaw,57890.1132,12.223,0.029,F,U,UVOT,Swift,2014Ap&SS.354...89B
SN2017eaw,57890.1142,13.117,0.03,F,B,UVOT,Swift,2014Ap&SS.354...89B
SN2017eaw,57890.1149,13.148,0.029,F,B,UVOT,Swift,2014Ap&SS.354...89B
SN2017eaw,57890.1176,12.822,0.034,F,V,UVOT,Swift,2014Ap&SS.354...89B
SN2017eaw,57890.1183,12.841,0.031,F,V,UVOT,Swift,2014Ap&SS.354...89B
SN2017eaw,57890.182,12.282,0.029,F,U,UVOT,Swift,2014Ap&SS.354...89B
SN2017eaw,57890.1827,12.205,0.029,F,U,UVOT,Swift,2014Ap&SS.354...89B
SN2017eaw,57890.1837,13.212,0.03,F,B,UVOT,Swift,2014Ap&SS.354...89B
SN2017eaw,57890.1844,13.159,0.029,F,B,UVOT,Swift,2014Ap&SS.354...89B
SN2017eaw,57890.1872,12.767,0.034,F,V,UVOT,Swift,2014Ap&SS.354...89B
SN2017eaw,57890.1879,12.833,0.032,F,V,UVOT,Swift,2014Ap&SS.354...89B
SN2017eaw,57891.8421,12.154,0.029,F,U,UVOT,Swift,2014Ap&SS.354...89B
SN2017eaw,57891.8428,12.217,0.029,F,U,UVOT,Swift,2014Ap&SS.354...89B
SN2017eaw,57891.8438,13.136,0.03,F,B,UVOT,Swift,2014Ap&SS.354...89B
SN2017eaw,57891.8445,13.124,0.029,F,B,UVOT,Swift,2014Ap&SS.354...89B
SN2017eaw,57891.8472,12.881,0.034,F,V,UVOT,Swift,2014Ap&SS.354...89B
SN2017eaw,57891.8479,12.805,0.031,F,V,UVOT,Swift,2014Ap&SS.354...89B
SN2017eaw,57891.91,13.25,0.03,F,B,,M70,2018arXiv180100340T
SN2017eaw,57891.91,12.19,0.03,F,I,,M70,2018arXiv180100340T
SN2017eaw,57891.91,12.54,0.02,F,R,,M70,2018arXiv180100340T
SN2017eaw,57891.91,12.53,0.06,F,U,,M70,2018arXiv180100340T
SN2017eaw,57891.91,12.89,0.02,F,V,,M70,2018arXiv180100340T
SN2017eaw,57892.02,13.2,0.02,F,B,,S100,2018arXiv180100340T
SN2017eaw,57892.02,12.18,0.02,F,I,,S100,2018arXiv180100340T
SN2017eaw,57892.02,12.54,0.02,F,R,,S100,2018arXiv180100340T
SN2017eaw,57892.02,12.86,0.01,F,V,,S100,2018arXiv180100340T
SN2017eaw,57897.548,12.532,0.03,F,U,UVOT,Swift,2014Ap&SS.354...89B
SN2017eaw,57897.5487,12.496,0.029,F,U,UVOT,Swift,2014Ap&SS.354...89B
SN2017eaw,57897.5497,13.125,0.03,F,B,UVOT,Swift,2014Ap&SS.354...89B
SN2017eaw,57897.5504,13.229,0.029,F,B,UVOT,Swift,2014Ap&SS.354...89B
SN2017eaw,57897.5532,12.928,0.035,F,V,UVOT,Swift,2014Ap&SS.354...89B
SN2017eaw,57897.5539,12.864,0.031,F,V,UVOT,Swift,2014Ap&SS.354...89B
SN2017eaw,57898.02,13.33,0.03,F,B,,C60,2018arXiv180100340T
SN2017eaw,57898.02,12.22,0.03,F,I,,C60,2018arXiv180100340T
SN2017eaw,57898.02,12.56,0.02,F,R,,C60,2018arXiv180100340T
SN2017eaw,57898.02,12.5,0.09,F,U,,C60,2018arXiv180100340T
SN2017eaw,57898.02,12.97,0.02,F,V,,C60,2018arXiv180100340T
SN2017eaw,57899.4169,12.719,0.03,F,U,UVOT,Swift,2014Ap&SS.354...89B
SN2017eaw,57899.4176,12.634,0.029,F,U,UVOT,Swift,2014Ap&SS.354...89B
SN2017eaw,57899.4186,13.311,0.03,F,B,UVOT,Swift,2014Ap&SS.354...89B
SN2017eaw,57899.4193,13.282,0.029,F,B,UVOT,Swift,2014Ap&SS.354...89B
SN2017eaw,57899.422,12.884,0.034,F,V,UVOT,Swift,2014Ap&SS.354...89B
SN2017eaw,57899.4227,12.929,0.032,F,V,UVOT,Swift,2014Ap&SS.354...89B
SN2017eaw,57900.95,12.26,0.01,F,I,,K250,2018arXiv180100340T
SN2017eaw,57900.95,12.58,0.01,F,R,,K250,2018arXiv180100340T
SN2017eaw,57900.95,12.94,0.01,F,U,,K250,2018arXiv180100340T
SN2017eaw,57900.95,12.99,0.01,F,V,,K250,2018arXiv180100340T
SN2017eaw,57900.98,13.37,0.03,F,B,,C60,2018arXiv180100340T
SN2017eaw,57900.98,12.23,0.03,F,I,,C60,2018arXiv180100340T
SN2017eaw,57900.98,12.57,0.03,F,R,,C60,2018arXiv180100340T
SN2017eaw,57900.98,12.82,0.1,F,U,,C60,2018arXiv180100340T
SN2017eaw,57900.98,13,0.01,F,V,,C60,2018arXiv180100340T
SN2017eaw,57902.0767,12.878,0.04,F,U,UVOT,Swift,2014Ap&SS.354...89B
SN2017eaw,57902.0774,13.356,0.04,F,B,UVOT,Swift,2014Ap&SS.354...89B
SN2017eaw,57902.0808,12.922,0.042,F,V,UVOT,Swift,2014Ap&SS.354...89B
SN2017eaw,57902.2715,12.933,0.031,F,U,UVOT,Swift,2014Ap&SS.354...89B
SN2017eaw,57902.2722,12.928,0.03,F,U,UVOT,Swift,2014Ap&SS.354...89B
SN2017eaw,57902.2732,13.437,0.03,F,B,UVOT,Swift,2014Ap&SS.354...89B
SN2017eaw,57902.2739,13.367,0.03,F,B,UVOT,Swift,2014Ap&SS.354...89B
SN2017eaw,57902.2767,12.976,0.035,F,V,UVOT,Swift,2014Ap&SS.354...89B
SN2017eaw,57902.2774,12.955,0.032,F,V,UVOT,Swift,2014Ap&SS.354...89B
SN2017eaw,57903.85,13.48,0.03,F,B,,M70,2018arXiv180100340T
SN2017eaw,57903.85,12.16,0.03,F,I,,M70,2018arXiv180100340T
SN2017eaw,57903.85,12.55,0.02,F,R,,M70,2018arXiv180100340T
SN2017eaw,57903.85,13.1,0.06,F,U,,M70,2018arXiv180100340T
SN2017eaw,57903.85,13.05,0.01,F,V,,M70,2018arXiv180100340T
SN2017eaw,57903.96,12.26,0.01,F,I,,K250,2018arXiv180100340T
SN2017eaw,57903.96,12.59,0.01,F,R,,K250,2018arXiv180100340T
SN2017eaw,57903.96,13.2,0.01,F,U,,K250,2018arXiv180100340T
SN2017eaw,57903.96,13.01,0.01,F,V,,K250,2018arXiv180100340T
SN2017eaw,57904.0575,13.157,0.04,F,U,UVOT,Swift,2014Ap&SS.354...89B
SN2017eaw,57904.0589,13.422,0.04,F,B,UVOT,Swift,2014Ap&SS.354...89B
SN2017eaw,57904.0658,12.916,0.041,F,V,UVOT,Swift,2014Ap&SS.354...89B
SN2017eaw,57904.99,13.52,0.02,F,B,,C60,2018arXiv180100340T
SN2017eaw,57904.99,12.24,0.03,F,I,,C60,2018arXiv180100340T
SN2017eaw,57904.99,12.58,0.02,F,R,,C60,2018arXiv180100340T
SN2017eaw,57904.99,13.22,0.06,F,U,,C60,2018arXiv180100340T
SN2017eaw,57904.99,13.02,0.02,F,V,,C60,2018arXiv180100340T
SN2017eaw,57906.616,13.529,0.041,F,U,UVOT,Swift,2014Ap&SS.354...89B
SN2017eaw,57906.6167,13.508,0.04,F,B,UVOT,Swift,2014Ap&SS.354...89B
SN2017eaw,57906.6201,12.894,0.041,F,V,UVOT,Swift,2014Ap&SS.354...89B
SN2017eaw,57908.444,13.828,0.042,F,U,UVOT,Swift,2014Ap&SS.354...89B
SN2017eaw,57908.4454,13.585,0.04,F,B,UVOT,Swift,2014Ap&SS.354...89B
SN2017eaw,57908.4526,12.936,0.041,F,V,UVOT,Swift,2014Ap&SS.354...89B
SN2017eaw,57910.2065,14.066,0.044,F,U,UVOT,Swift,2014Ap&SS.354...89B
SN2017eaw,57910.2073,13.685,0.041,F,B,UVOT,Swift,2014Ap&SS.354...89B
SN2017eaw,57910.211,12.974,0.041,F,V,UVOT,Swift,2014Ap&SS.354...89B
SN2017eaw,57911.88,13.82,0.02,F,B,,M70,2018arXiv180100340T
SN2017eaw,57911.88,12.15,0.02,F,I,,M70,2018arXiv180100340T
SN2017eaw,57911.88,12.56,0.02,F,R,,M70,2018arXiv180100340T
SN2017eaw,57911.88,13.06,0.01,F,V,,M70,2018arXiv180100340T
SN2017eaw,57911.89,13.79,0.03,F,B,,S100,2018arXiv180100340T
SN2017eaw,57911.89,12.16,0.03,F,I,,S100,2018arXiv180100340T
SN2017eaw,57911.89,12.53,0.02,F,R,,S100,2018arXiv180100340T
SN2017eaw,57911.89,13,0.02,F,V,,S100,2018arXiv180100340T
SN2017eaw,57912.689,14.35,0.046,F,U,UVOT,Swift,2014Ap&SS.354...89B
SN2017eaw,57912.6904,13.792,0.041,F,B,UVOT,Swift,2014Ap&SS.354...89B
SN2017eaw,57912.6972,12.998,0.042,F,V,UVOT,Swift,2014Ap&SS.354...89B
SN2017eaw,57912.943,12.87,0.2,F,G,Astrometric,Gaia,Transient Name Server
SN2017eaw,57912.944,12.86,0,F,G,Astrometric,GAIA,Gaia Photometric Science Alerts
SN2017eaw,57913.018,12.86,0,F,G,Astrometric,GAIA,Gaia Photometric Science Alerts
SN2017eaw,57913.95,13.93,0.04,F,B,,T18,2018arXiv180100340T
SN2017eaw,57913.95,12.21,0.04,F,I,,T18,2018arXiv180100340T
SN2017eaw,57913.95,12.59,0.03,F,R,,T18,2018arXiv180100340T
SN2017eaw,57913.95,13.1,0.02,F,V,,T18,2018arXiv180100340T
SN2017eaw,57914.2892,14.515,0.047,F,U,UVOT,Swift,2014Ap&SS.354...89B
SN2017eaw,57914.2906,13.874,0.041,F,B,UVOT,Swift,2014Ap&SS.354...89B
SN2017eaw,57914.2977,12.998,0.041,F,V,UVOT,Swift,2014Ap&SS.354...89B
SN2017eaw,57915.89,14.01,0.02,F,B,,T60,2018arXiv180100340T
SN2017eaw,57915.89,12.26,0.02,F,I,,T60,2018arXiv180100340T
SN2017eaw,57915.89,12.64,0.02,F,R,,T60,2018arXiv180100340T
SN2017eaw,57915.89,14.32,0.04,F,U,,T60,2018arXiv180100340T
SN2017eaw,57915.89,13.11,0.01,F,V,,T60,2018arXiv180100340T
SN2017eaw,57915.97,14,0.04,F,B,,C70,2018arXiv180100340T
SN2017eaw,57915.97,12.24,0.03,F,I,,C70,2018arXiv180100340T
SN2017eaw,57915.97,12.64,0.03,F,R,,C70,2018arXiv180100340T
SN2017eaw,57915.97,13.07,0.03,F,V,,C70,2018arXiv180100340T
SN2017eaw,57916.8906,14.75,0.05,F,U,UVOT,Swift,2014Ap&SS.354...89B
SN2017eaw,57916.8918,13.928,0.041,F,B,UVOT,Swift,2014Ap&SS.354...89B
SN2017eaw,57918.8492,14.953,0.055,F,U,UVOT,Swift,2014Ap&SS.354...89B
SN2017eaw,57918.8497,14,0.042,F,B,UVOT,Swift,2014Ap&SS.354...89B
SN2017eaw,57918.8521,13.043,0.042,F,V,UVOT,Swift,2014Ap&SS.354...89B
SN2017eaw,57920.7993,15.094,0.055,F,U,UVOT,Swift,2014Ap&SS.354...89B
SN2017eaw,57920.8008,14.089,0.042,F,B,UVOT,Swift,2014Ap&SS.354...89B
SN2017eaw,57920.8083,13.112,0.042,F,V,UVOT,Swift,2014Ap&SS.354...89B
SN2017eaw,57921.03,14.18,0.03,F,B,,S100,2018arXiv180100340T
SN2017eaw,57921.03,12.24,0.02,F,I,,S100,2018arXiv180100340T
SN2017eaw,57921.03,12.67,0.02,F,R,,S100,2018arXiv180100340T
SN2017eaw,57921.03,13.18,0.01,F,V,,S100,2018arXiv180100340T
SN2017eaw,57921.9453,13.1472,0.0019,F,V,,,"CPCS Alert 26616,Cambridge Photometric Calibration Server"
SN2017eaw,57922.95,14.22,0.02,F,B,,T60,2018arXiv180100340T
SN2017eaw,57922.95,12.27,0.02,F,I,,T60,2018arXiv180100340T
SN2017eaw,57922.95,12.69,0.02,F,R,,T60,2018arXiv180100340T
SN2017eaw,57922.95,14.8,0.04,F,U,,T60,2018arXiv180100340T
SN2017eaw,57922.95,13.19,0.02,F,V,,T60,2018arXiv180100340T
SN2017eaw,57925.81,14.31,0.02,F,B,,S100,2018arXiv180100340T
SN2017eaw,57925.81,12.26,0.02,F,I,,S100,2018arXiv180100340T
SN2017eaw,57925.81,12.69,0.02,F,R,,S100,2018arXiv180100340T
SN2017eaw,57925.81,13.21,0.01,F,V,,S100,2018arXiv180100340T
SN2017eaw,57925.95,14.26,0.05,F,B,,C70,2018arXiv180100340T
SN2017eaw,57925.95,12.25,0.04,F,I,,C70,2018arXiv180100340T
SN2017eaw,57925.95,12.7,0.03,F,R,,C70,2018arXiv180100340T
SN2017eaw,57925.95,13.2,0.02,F,V,,C70,2018arXiv180100340T
SN2017eaw,57927.04,14.34,0.02,F,B,,S100,2018arXiv180100340T
SN2017eaw,57927.04,12.27,0.02,F,I,,S100,2018arXiv180100340T
SN2017eaw,57927.04,12.7,0.02,F,R,,S100,2018arXiv180100340T
SN2017eaw,57927.04,13.22,0.02,F,V,,S100,2018arXiv180100340T
SN2017eaw,57927.91,14.35,0.03,F,B,,M70,2018arXiv180100340T
SN2017eaw,57927.91,12.19,0.02,F,I,,M70,2018arXiv180100340T
SN2017eaw,57927.91,12.69,0.02,F,R,,M70,2018arXiv180100340T
SN2017eaw,57927.91,13.22,0.01,F,V,,M70,2018arXiv180100340T
SN2017eaw,57928.84,14.35,0.03,F,B,,T60,2018arXiv180100340T
SN2017eaw,57928.84,12.26,0.03,F,I,,T60,2018arXiv180100340T
SN2017eaw,57928.84,12.71,0.02,F,R,,T60,2018arXiv180100340T
SN2017eaw,57928.84,15.04,0.05,F,U,,T60,2018arXiv180100340T
SN2017eaw,57928.84,13.22,0.01,F,V,,T60,2018arXiv180100340T
SN2017eaw,57929.83,14.4,0.02,F,B,,S100,2018arXiv180100340T
SN2017eaw,57929.83,12.24,0.03,F,I,,S100,2018arXiv180100340T
SN2017eaw,57929.83,12.72,0.02,F,R,,S100,2018arXiv180100340T
SN2017eaw,57929.83,13.23,0.02,F,V,,S100,2018arXiv180100340T
SN2017eaw,57930.82,14.41,0.02,F,B,,S100,2018arXiv180100340T
SN2017eaw,57930.82,12.25,0.02,F,I,,S100,2018arXiv180100340T
SN2017eaw,57930.82,12.71,0.02,F,R,,S100,2018arXiv180100340T
SN2017eaw,57930.82,13.24,0.01,F,V,,S100,2018arXiv180100340T
SN2017eaw,57931.8,14.39,0.04,F,B,,S100,2018arXiv180100340T
SN2017eaw,57931.8,12.24,0.02,F,I,,S100,2018arXiv180100340T
SN2017eaw,57931.8,12.71,0.02,F,R,,S100,2018arXiv180100340T
SN2017eaw,57931.8,13.24,0.01,F,V,,S100,2018arXiv180100340T
SN2017eaw,57932.81,14.44,0.02,F,B,,S100,2018arXiv180100340T
SN2017eaw,57932.81,12.24,0.03,F,I,,S100,2018arXiv180100340T
SN2017eaw,57932.81,13.23,0.02,F,V,,S100,2018arXiv180100340T
SN2017eaw,57933.8,14.46,0.03,F,B,,S100,2018arXiv180100340T
SN2017eaw,57933.8,12.24,0.04,F,I,,S100,2018arXiv180100340T
SN2017eaw,57933.8,13.22,0.02,F,V,,S100,2018arXiv180100340T
SN2017eaw,57933.93,14.42,0.03,F,B,,T60,2018arXiv180100340T
SN2017eaw,57933.93,12.24,0.02,F,I,,T60,2018arXiv180100340T
SN2017eaw,57933.93,12.71,0.02,F,R,,T60,2018arXiv180100340T
SN2017eaw,57933.93,15.25,0.05,F,U,,T60,2018arXiv180100340T
SN2017eaw,57933.93,13.23,0.02,F,V,,T60,2018arXiv180100340T
SN2017eaw,57939.82,14.52,0.02,F,B,,S100,2018arXiv180100340T
SN2017eaw,57939.82,12.22,0.02,F,I,,S100,2018arXiv180100340T
SN2017eaw,57939.82,12.71,0.02,F,R,,S100,2018arXiv180100340T
SN2017eaw,57939.82,13.27,0.02,F,V,,S100,2018arXiv180100340T
SN2017eaw,57941.686,12.99,0,F,G,Astrometric,GAIA,Gaia Photometric Science Alerts
SN2017eaw,57941.9,14.56,0.02,F,B,,S100,2018arXiv180100340T
SN2017eaw,57941.9,12.23,0.02,F,I,,S100,2018arXiv180100340T
SN2017eaw,57941.9,12.72,0.02,F,R,,S100,2018arXiv180100340T
SN2017eaw,57941.9,13.28,0.01,F,V,,S100,2018arXiv180100340T
SN2017eaw,57941.92,14.47,0.04,F,B,,C70,2018arXiv180100340T
SN2017eaw,57941.92,12.2,0.05,F,I,,C70,2018arXiv180100340T
SN2017eaw,57941.92,12.69,0.04,F,R,,C70,2018arXiv180100340T
SN2017eaw,57941.92,13.26,0.03,F,V,,C70,2018arXiv180100340T
SN2017eaw,57944.05,14.59,0.03,F,B,,S100,2018arXiv180100340T
SN2017eaw,57944.05,12.21,0.02,F,I,,S100,2018arXiv180100340T
SN2017eaw,57944.05,12.71,0.02,F,R,,S100,2018arXiv180100340T
SN2017eaw,57944.05,13.28,0.02,F,V,,S100,2018arXiv180100340T
SN2017eaw,57955.96,14.68,0.03,F,B,,C70,2018arXiv180100340T
SN2017eaw,57955.96,12.23,0.03,F,I,,C70,2018arXiv180100340T
SN2017eaw,57955.96,12.72,0.03,F,R,,C70,2018arXiv180100340T
SN2017eaw,57955.96,13.3,0.03,F,V,,C70,2018arXiv180100340T
SN2017eaw,57960,14.75,0.02,F,B,,T60,2018arXiv180100340T
SN2017eaw,57960,12.21,0.02,F,I,,T60,2018arXiv180100340T
SN2017eaw,57960,12.71,0.02,F,R,,T60,2018arXiv180100340T
SN2017eaw,57960,16.14,0.05,F,U,,T60,2018arXiv180100340T
SN2017eaw,57960,13.33,0.02,F,V,,T60,2018arXiv180100340T
SN2017eaw,57962.6166,16.772,0.076,F,U,UVOT,Swift,2014Ap&SS.354...89B
SN2017eaw,57962.6175,14.733,0.044,F,B,UVOT,Swift,2014Ap&SS.354...89B
SN2017eaw,57962.623,13.286,0.042,F,V,UVOT,Swift,2014Ap&SS.354...89B
SN2017eaw,57965.83,12.21,0.03,F,I,,M20,2018arXiv180100340T
SN2017eaw,57965.83,12.73,0.02,F,R,,M20,2018arXiv180100340T
SN2017eaw,57965.83,13.38,0.02,F,V,,M20,2018arXiv180100340T
SN2017eaw,57967.06,14.82,0.02,F,B,,T60,2018arXiv180100340T
SN2017eaw,57967.06,12.23,0.02,F,I,,T60,2018arXiv180100340T
SN2017eaw,57967.06,12.73,0.02,F,R,,T60,2018arXiv180100340T
SN2017eaw,57967.06,16.31,0.04,F,U,,T60,2018arXiv180100340T
SN2017eaw,57967.06,13.37,0.02,F,V,,T60,2018arXiv180100340T
SN2017eaw,57971.78,14.92,0.02,F,B,,S100,2018arXiv180100340T
SN2017eaw,57971.78,12.22,0.06,F,I,,S100,2018arXiv180100340T
SN2017eaw,57971.78,12.79,0.03,F,R,,S100,2018arXiv180100340T
SN2017eaw,57971.78,13.41,0.02,F,V,,S100,2018arXiv180100340T
SN2017eaw,57975.07,14.9,0.05,F,B,,S60,2018arXiv180100340T
SN2017eaw,57975.07,12.79,0.03,F,R,,S60,2018arXiv180100340T
SN2017eaw,57975.07,13.43,0.02,F,V,,S60,2018arXiv180100340T
SN2017eaw,57977.2358,17.206,0.096,F,U,UVOT,Swift,2014Ap&SS.354...89B
SN2017eaw,57977.2365,15.001,0.048,F,B,UVOT,Swift,2014Ap&SS.354...89B
SN2017eaw,57977.937,13.544,0.046,F,V,UVOT,Swift,2014Ap&SS.354...89B
SN2017eaw,57978,15.05,0.02,F,B,,S100,2018arXiv180100340T
SN2017eaw,57978,12.27,0.03,F,I,,S100,2018arXiv180100340T
SN2017eaw,57978,12.8,0.02,F,R,,S100,2018arXiv180100340T
SN2017eaw,57978,13.51,0.01,F,V,,S100,2018arXiv180100340T
SN2017eaw,57979.902,13.18,0,F,G,Astrometric,GAIA,Gaia Photometric Science Alerts
SN2017eaw,57979.97,15.11,0.03,F,B,,S100,2018arXiv180100340T
SN2017eaw,57979.97,12.3,0.02,F,I,,S100,2018arXiv180100340T
SN2017eaw,57979.97,12.83,0.02,F,R,,S100,2018arXiv180100340T
SN2017eaw,57979.97,13.55,0.01,F,V,,S100,2018arXiv180100340T
SN2017eaw,57979.976,13.19,0,F,G,Astrometric,GAIA,Gaia Photometric Science Alerts
SN2017eaw,57980.86,15.1,0.04,F,B,,M20,2018arXiv180100340T
SN2017eaw,57980.86,12.32,0.03,F,I,,M20,2018arXiv180100340T
SN2017eaw,57980.86,12.87,0.02,F,R,,M20,2018arXiv180100340T
SN2017eaw,57980.86,13.58,0.02,F,V,,M20,2018arXiv180100340T
SN2017eaw,57981.4156,17.529,0.131,F,U,UVOT,Swift,2014Ap&SS.354...89B
SN2017eaw,57981.4161,15.066,0.049,F,B,UVOT,Swift,2014Ap&SS.354...89B
SN2017eaw,57981.4184,13.512,0.045,F,V,UVOT,Swift,2014Ap&SS.354...89B
SN2017eaw,57982.03,15.16,0.02,F,B,,T60,2018arXiv180100340T
SN2017eaw,57982.03,12.34,0.02,F,I,,T60,2018arXiv180100340T
SN2017eaw,57982.03,12.88,0.02,F,R,,T60,2018arXiv180100340T
SN2017eaw,57982.03,16.91,0.05,F,U,,T60,2018arXiv180100340T
SN2017eaw,57982.03,13.59,0.01,F,V,,T60,2018arXiv180100340T
SN2017eaw,57985.04,15.18,0.02,F,B,,S100,2018arXiv180100340T
SN2017eaw,57985.04,12.36,0.03,F,I,,S100,2018arXiv180100340T
SN2017eaw,57985.04,12.89,0.02,F,R,,S100,2018arXiv180100340T
SN2017eaw,57985.04,13.63,0.02,F,V,,S100,2018arXiv180100340T
SN2017eaw,57985.79,15.23,0.08,F,B,,M20,2018arXiv180100340T
SN2017eaw,57985.79,12.38,0.03,F,I,,M20,2018arXiv180100340T
SN2017eaw,57985.79,12.92,0.04,F,R,,M20,2018arXiv180100340T
SN2017eaw,57985.79,13.67,0.02,F,V,,M20,2018arXiv180100340T
SN2017eaw,57989.87,15.42,0.03,F,B,,S60,2018arXiv180100340T
SN2017eaw,57989.87,13.02,0.03,F,R,,S60,2018arXiv180100340T
SN2017eaw,57989.87,13.8,0.02,F,V,,S60,2018arXiv180100340T
SN2017eaw,57989.98,15.45,0.04,F,B,,T60,2018arXiv180100340T
SN2017eaw,57989.98,12.49,0.02,F,I,,T60,2018arXiv180100340T
SN2017eaw,57989.98,13.05,0.02,F,R,,T60,2018arXiv180100340T
SN2017eaw,57989.98,17.24,0.07,F,U,,T60,2018arXiv180100340T
SN2017eaw,57989.98,13.81,0.01,F,V,,T60,2018arXiv180100340T
SN2017eaw,57990.88,15.44,0.02,F,B,,C60,2018arXiv180100340T
SN2017eaw,57990.88,12.52,0.03,F,I,,C60,2018arXiv180100340T
SN2017eaw,57990.88,13.09,0.02,F,R,,C60,2018arXiv180100340T
SN2017eaw,57990.88,13.86,0.01,F,V,,C60,2018arXiv180100340T
SN2017eaw,57991.99,15.48,0.02,F,B,,C60,2018arXiv180100340T
SN2017eaw,57991.99,12.53,0.02,F,I,,C60,2018arXiv180100340T
SN2017eaw,57991.99,13.11,0.02,F,R,,C60,2018arXiv180100340T
SN2017eaw,57991.99,13.88,0.01,F,V,,C60,2018arXiv180100340T
SN2017eaw,57992.08,15.54,0.04,F,B,,S60,2018arXiv180100340T
SN2017eaw,57992.08,12.51,0.03,F,I,,S60,2018arXiv180100340T
SN2017eaw,57992.08,13.11,0.01,F,R,,S60,2018arXiv180100340T
SN2017eaw,57992.08,13.88,0.01,F,V,,S60,2018arXiv180100340T
SN2017eaw,57993.03,15.53,0.02,F,B,,C60,2018arXiv180100340T
SN2017eaw,57993.03,12.55,0.02,F,I,,C60,2018arXiv180100340T
SN2017eaw,57993.03,13.13,0.02,F,R,,C60,2018arXiv180100340T
SN2017eaw,57993.03,13.94,0.02,F,V,,C60,2018arXiv180100340T
SN2017eaw,57993.96,15.6,0.03,F,B,,C60,2018arXiv180100340T
SN2017eaw,57993.96,12.6,0.02,F,I,,C60,2018arXiv180100340T
SN2017eaw,57993.96,13.18,0.02,F,R,,C60,2018arXiv180100340T
SN2017eaw,57993.96,13.99,0.01,F,V,,C60,2018arXiv180100340T
SN2017eaw,57994.87,12.61,0.03,F,I,,P40,2018arXiv180100340T
SN2017eaw,57994.87,13.22,0.03,F,R,,P40,2018arXiv180100340T
SN2017eaw,57994.87,13.99,0.02,F,V,,P40,2018arXiv180100340T
SN2017eaw,57994.95,15.76,0.03,F,B,,T60,2018arXiv180100340T
SN2017eaw,57994.95,12.62,0.03,F,I,,T60,2018arXiv180100340T
SN2017eaw,57994.95,13.22,0.03,F,R,,T60,2018arXiv180100340T
SN2017eaw,57994.95,17.69,0.06,F,U,,T60,2018arXiv180100340T
SN2017eaw,57994.95,14.02,0.01,F,V,,T60,2018arXiv180100340T
SN2017eaw,57996.8,15.74,0.04,F,B,,P40,2018arXiv180100340T
SN2017eaw,57996.8,12.68,0.03,F,I,,P40,2018arXiv180100340T
SN2017eaw,57996.8,13.26,0.03,F,R,,P40,2018arXiv180100340T
SN2017eaw,57996.8,14.07,0.02,F,V,,P40,2018arXiv180100340T
SN2017eaw,57996.83,15.87,0.05,F,B,,M20,2018arXiv180100340T
SN2017eaw,57996.83,12.69,0.04,F,I,,M20,2018arXiv180100340T
SN2017eaw,57996.83,13.32,0.03,F,R,,M20,2018arXiv180100340T
SN2017eaw,57996.83,14.15,0.03,F,V,,M20,2018arXiv180100340T
SN2017eaw,57997.0063,14.1734,0.0031,F,V,,,"CPCS Alert 26616,Cambridge Photometric Calibration Server"
SN2017eaw,57997.86,15.81,0.03,F,B,,P40,2018arXiv180100340T
SN2017eaw,57997.86,12.81,0.03,F,I,,P40,2018arXiv180100340T
SN2017eaw,57997.86,13.34,0.02,F,R,,P40,2018arXiv180100340T
SN2017eaw,57997.86,14.14,0.02,F,V,,P40,2018arXiv180100340T
SN2017eaw,57998.94,15.84,0.05,F,B,,C70,2018arXiv180100340T
SN2017eaw,57998.94,12.87,0.06,F,I,,C70,2018arXiv180100340T
SN2017eaw,57998.94,14.14,0.05,F,V,,C70,2018arXiv180100340T
SN2017eaw,58001.05,12.97,0.03,F,I,,P40,2018arXiv180100340T
SN2017eaw,58001.05,13.53,0.02,F,R,,P40,2018arXiv180100340T
SN2017eaw,58001.724,13.99,0,F,G,Astrometric,GAIA,Gaia Photometric Science Alerts
SN2017eaw,58003.79,16.48,0.02,F,B,,C60,2018arXiv180100340T
SN2017eaw,58003.79,13.14,0.02,F,I,,C60,2018arXiv180100340T
SN2017eaw,58003.79,13.8,0.02,F,R,,C60,2018arXiv180100340T
SN2017eaw,58003.79,14.77,0.01,F,V,,C60,2018arXiv180100340T
SN2017eaw,58004.6812,19.199,0.233,F,U,UVOT,Swift,2014Ap&SS.354...89B
SN2017eaw,58004.6821,16.648,0.062,F,B,UVOT,Swift,2014Ap&SS.354...89B
SN2017eaw,58004.6875,14.927,0.061,F,V,UVOT,Swift,2014Ap&SS.354...89B
SN2017eaw,58004.87,16.61,0.02,F,B,,C60,2018arXiv180100340T
SN2017eaw,58004.87,13.25,0.02,F,I,,C60,2018arXiv180100340T
SN2017eaw,58004.87,13.93,0.02,F,R,,C60,2018arXiv180100340T
SN2017eaw,58004.87,14.9,0.01,F,V,,C60,2018arXiv180100340T
SN2017eaw,58005.82,16.75,0.02,F,B,,C60,2018arXiv180100340T
SN2017eaw,58005.82,13.34,0.02,F,I,,C60,2018arXiv180100340T
SN2017eaw,58005.82,14.03,0.02,F,R,,C60,2018arXiv180100340T
SN2017eaw,58005.82,15.03,0.01,F,V,,C60,2018arXiv180100340T
SN2017eaw,58006.76,16.88,0.03,F,B,,C60,2018arXiv180100340T
SN2017eaw,58006.76,13.45,0.02,F,I,,C60,2018arXiv180100340T
SN2017eaw,58006.76,14.14,0.02,F,R,,C60,2018arXiv180100340T
SN2017eaw,58006.76,15.15,0.01,F,V,,C60,2018arXiv180100340T
SN2017eaw,58007.8,17.06,0.03,F,B,,C60,2018arXiv180100340T
SN2017eaw,58007.8,13.57,0.03,F,I,,C60,2018arXiv180100340T
SN2017eaw,58007.8,14.26,0.02,F,R,,C60,2018arXiv180100340T
SN2017eaw,58007.8,15.28,0.01,F,V,,C60,2018arXiv180100340T
SN2017eaw,58007.88,13.58,0.04,F,I,,P40,2018arXiv180100340T
SN2017eaw,58007.88,14.23,0.02,F,R,,P40,2018arXiv180100340T
SN2017eaw,58008.75,17.09,0.02,F,B,,C60,2018arXiv180100340T
SN2017eaw,58008.75,13.64,0.02,F,I,,C60,2018arXiv180100340T
SN2017eaw,58008.75,14.33,0.02,F,R,,C60,2018arXiv180100340T
SN2017eaw,58008.75,15.38,0.01,F,V,,C60,2018arXiv180100340T
SN2017eaw,58008.82,17.03,0.13,F,B,,M20,2018arXiv180100340T
SN2017eaw,58008.82,13.67,0.04,F,I,,M20,2018arXiv180100340T
SN2017eaw,58008.82,14.39,0.03,F,R,,M20,2018arXiv180100340T
SN2017eaw,58008.82,15.37,0.05,F,V,,M20,2018arXiv180100340T
SN2017eaw,58008.97,17.12,0.08,F,B,,C70,2018arXiv180100340T
SN2017eaw,58008.97,14.27,0.04,F,R,,C70,2018arXiv180100340T
SN2017eaw,58008.97,15.27,0.05,F,V,,C70,2018arXiv180100340T
SN2017eaw,58009.4285,19.094,0.344,F,U,UVOT,Swift,2014Ap&SS.354...89B
SN2017eaw,58009.4292,17.292,0.097,F,B,UVOT,Swift,2014Ap&SS.354...89B
SN2017eaw,58009.4331,15.52,0.079,F,V,UVOT,Swift,2014Ap&SS.354...89B
SN2017eaw,58010.94,17.22,0.04,F,B,,C70,2018arXiv180100340T
SN2017eaw,58010.94,13.79,0.04,F,I,,C70,2018arXiv180100340T
SN2017eaw,58010.94,14.37,0.03,F,R,,C70,2018arXiv180100340T
SN2017eaw,58010.94,15.43,0.08,F,V,,C70,2018arXiv180100340T
SN2017eaw,58012.93,14.45,0.02,F,R,,C70,2018arXiv180100340T
SN2017eaw,58012.93,15.45,0.05,F,V,,C70,2018arXiv180100340T
SN2017eaw,58013.81,13.87,0.03,F,I,,P40,2018arXiv180100340T
SN2017eaw,58013.81,14.52,0.02,F,R,,P40,2018arXiv180100340T
SN2017eaw,58013.81,15.49,0.02,F,V,,P40,2018arXiv180100340T
SN2017eaw,58018.69,13.99,0.06,F,I,,M20,2018arXiv180100340T
SN2017eaw,58018.69,14.66,0.03,F,R,,M20,2018arXiv180100340T
SN2017eaw,58018.69,15.72,0.04,F,V,,M20,2018arXiv180100340T
SN2017eaw,58018.95,17.42,0.07,F,B,,P40,2018arXiv180100340T
SN2017eaw,58018.95,13.91,0.03,F,I,,P40,2018arXiv180100340T
SN2017eaw,58018.95,14.61,0.02,F,R,,P40,2018arXiv180100340T
SN2017eaw,58018.95,15.62,0.04,F,V,,P40,2018arXiv180100340T
SN2017eaw,58019.94,13.97,0.03,F,I,,P40,2018arXiv180100340T
SN2017eaw,58019.94,14.61,0.02,F,R,,P40,2018arXiv180100340T
SN2017eaw,58020.78,13.97,0.03,F,I,,P40,2018arXiv180100340T
SN2017eaw,58020.78,14.65,0.03,F,R,,P40,2018arXiv180100340T
SN2017eaw,58020.78,15.64,0.05,F,V,,P40,2018arXiv180100340T
SN2017eaw,58021.8,17.59,0.03,F,B,,T60,2018arXiv180100340T
SN2017eaw,58021.8,13.94,0.02,F,I,,T60,2018arXiv180100340T
SN2017eaw,58021.8,14.66,0.02,F,R,,T60,2018arXiv180100340T
SN2017eaw,58021.8,15.74,0.01,F,V,,T60,2018arXiv180100340T
SN2017eaw,58022.71,14.65,0.03,F,R,,M70,2018arXiv180100340T
SN2017eaw,58022.71,15.72,0.06,F,V,,M70,2018arXiv180100340T
SN2017eaw,58024.88,17.44,0.06,F,B,,C70,2018arXiv180100340T
SN2017eaw,58024.88,13.93,0.03,F,I,,C70,2018arXiv180100340T
SN2017eaw,58024.88,14.64,0.05,F,R,,C70,2018arXiv180100340T
SN2017eaw,58024.88,15.73,0.05,F,V,,C70,2018arXiv180100340T
SN2017eaw,58026.85,17.51,0.1,F,B,,C70,2018arXiv180100340T
SN2017eaw,58026.85,13.94,0.04,F,I,,C70,2018arXiv180100340T
SN2017eaw,58026.85,14.65,0.05,F,R,,C70,2018arXiv180100340T
SN2017eaw,58026.85,15.72,0.06,F,V,,C70,2018arXiv180100340T
SN2017eaw,58027.93,17.63,0.03,F,B,,T60,2018arXiv180100340T
SN2017eaw,58027.93,13.98,0.03,F,I,,T60,2018arXiv180100340T
SN2017eaw,58027.93,14.72,0.03,F,R,,T60,2018arXiv180100340T
SN2017eaw,58027.93,15.8,0.02,F,V,,T60,2018arXiv180100340T
SN2017eaw,58028.9,17.43,0.09,F,B,,C70,2018arXiv180100340T
SN2017eaw,58028.9,13.96,0.03,F,I,,C70,2018arXiv180100340T
SN2017eaw,58028.9,14.63,0.03,F,R,,C70,2018arXiv180100340T
SN2017eaw,58028.9,15.71,0.06,F,V,,C70,2018arXiv180100340T
SN2017eaw,58039.86,14.2,0.03,F,I,,P40,2018arXiv180100340T
SN2017eaw,58039.86,14.8,0.02,F,R,,P40,2018arXiv180100340T
SN2017eaw,58043.65,14.16,0.04,F,I,,M70,2018arXiv180100340T
SN2017eaw,58043.65,14.78,0.04,F,R,,M70,2018arXiv180100340T
SN2017eaw,58043.65,15.82,0.09,F,V,,M70,2018arXiv180100340T
SN2017eaw,58048.9,14.23,0.03,F,I,,P40,2018arXiv180100340T
SN2017eaw,58048.9,14.85,0.02,F,R,,P40,2018arXiv180100340T
SN2017eaw,58051.8,17.74,0.05,F,B,,T60,2018arXiv180100340T
SN2017eaw,58051.8,14.23,0.03,F,I,,T60,2018arXiv180100340T
SN2017eaw,58051.8,14.91,0.02,F,R,,T60,2018arXiv180100340T
SN2017eaw,58051.8,16,0.02,F,V,,T60,2018arXiv180100340T
SN2017eaw,58058.97,14.34,0.03,F,I,,P40,2018arXiv180100340T
SN2017eaw,58058.97,14.94,0.02,F,R,,P40,2018arXiv180100340T
SN2017eaw,58060.65,17.72,0.05,F,B,,C60,2018arXiv180100340T
SN2017eaw,58060.65,14.37,0.04,F,I,,C60,2018arXiv180100340T
SN2017eaw,58060.65,15.03,0.04,F,R,,C60,2018arXiv180100340T
SN2017eaw,58060.65,16.16,0.03,F,V,,C60,2018arXiv180100340T
SN2017eaw,58062.603,15.39,0,F,G,Astrometric,GAIA,Gaia Photometric Science Alerts
SN2017eaw,58062.64,17.81,0.03,F,B,,C60,2018arXiv180100340T
SN2017eaw,58062.64,14.34,0.02,F,I,,C60,2018arXiv180100340T
SN2017eaw,58062.64,15.04,0.02,F,R,,C60,2018arXiv180100340T
SN2017eaw,58062.64,16.18,0.01,F,V,,C60,2018arXiv180100340T
SN2017eaw,58073.72,15.12,0.03,F,R,,C60,2018arXiv180100340T
SN2017eaw,58073.72,16.31,0.02,F,V,,C60,2018arXiv180100340T
SN2017eaw,58074.77,17.81,0.04,F,B,,C60,2018arXiv180100340T
SN2017eaw,58074.77,14.45,0.02,F,I,,C60,2018arXiv180100340T
SN2017eaw,58074.77,15.15,0.02,F,R,,C60,2018arXiv180100340T
SN2017eaw,58074.77,16.33,0.02,F,V,,C60,2018arXiv180100340T
SN2017eaw,58075.7,17.87,0.03,F,B,,C60,2018arXiv180100340T
SN2017eaw,58075.7,14.47,0.02,F,I,,C60,2018arXiv180100340T
SN2017eaw,58075.7,15.16,0.02,F,R,,C60,2018arXiv180100340T
SN2017eaw,58075.7,16.34,0.02,F,V,,C60,2018arXiv180100340T
SN2017eaw,58094.72,18.03,0.04,F,B,,T60,2018arXiv180100340T
SN2017eaw,58094.72,14.6,0.02,F,I,,T60,2018arXiv180100340T
SN2017eaw,58094.72,15.32,0.02,F,R,,T60,2018arXiv180100340T
SN2017eaw,58094.72,16.43,0.02,F,V,,T60,2018arXiv180100340T
SN2017eaw,58126.306,15.99,0,F,G,Astrometric,GAIA,Gaia Photometric Science Alerts
SN2017eaw,58157.291,16.34,0,F,G,Astrometric,GAIA,Gaia Photometric Science Alerts
SN2017eaw,58192.599,16.74,0,F,G,Astrometric,GAIA,Gaia Photometric Science Alerts
SN2017eaw,58192.775,16.74,0,F,G,Astrometric,GAIA,Gaia Photometric Science Alerts
SN2017eaw,58222.769,17.11,0,F,G,Astrometric,GAIA,Gaia Photometric Science Alerts
SN2017eaw,58222.843,17.12,0,F,G,Astrometric,GAIA,Gaia Photometric Science Alerts
SN2017eaw,58257.329,17.54,0,F,G,Astrometric,GAIA,Gaia Photometric Science Alerts
SN2017eaw,58257.505,17.51,0,F,G,Astrometric,GAIA,Gaia Photometric Science Alerts
SN2017eaw,58291.987,18.02,0,F,G,Astrometric,GAIA,Gaia Photometric Science Alerts
SN2017eaw,58292.061,17.96,0,F,G,Astrometric,GAIA,Gaia Photometric Science Alerts
SN2017eaw,58319.055,18.35,0,F,G,Astrometric,GAIA,Gaia Photometric Science Alerts
SN2017eaw,58357.768,18.84,0,F,G,Astrometric,GAIA,Gaia Photometric Science Alerts
SN2017eaw,58379.016,19.22,0,F,G,Astrometric,GAIA,Gaia Photometric Science Alerts
SN2017eaw,58417.723,19.78,0,F,G,Astrometric,GAIA,Gaia Photometric Science Alerts
SN2017eaw,58440.394,20.18,0,F,G,Astrometric,GAIA,Gaia Photometric Science Alerts
